<?xml version="1.0" encoding="UTF-8" standalone="no"?>
<featureModel>
	<properties>
		<calculations key="tautology" value="true"/>
		<calculations key="auto" value="true"/>
		<graphics key="legendautolayout" value="true"/>
		<calculations key="redundant" value="true"/>
		<graphics key="showshortnames" value="false"/>
		<graphics key="layout" value="vertical"/>
		<graphics key="showcollapsedconstraints" value="true"/>
		<graphics key="legendhidden" value="false"/>
		<calculations key="constraints" value="true"/>
		<graphics key="layoutalgorithm" value="4"/>
		<calculations key="features" value="true"/>
	</properties>
	<struct>
		<and mandatory="true" name="Module">
			<alt abstract="true" mandatory="true" name="Radar">
				<feature name="SpinningRadar"/>
				<feature name="MouseRadar"/>
				<feature name="WideLockRadar"/>
			</alt>
			<alt abstract="true" mandatory="true" name="Targeting">
				<feature name="HeadOnTargeting"/>
				<feature name="LinearTargeting"/>
				<feature name="MouseTargeting"/>
			</alt>
			<alt abstract="true" mandatory="true" name="Movement">
				<feature name="NoMovement"/>
				<feature name="KeyboardMovement"/>
				<feature name="CorneringMovement"/>
				<feature name="WallsMovement"/>
			</alt>
			<alt abstract="true" mandatory="true" name="SelectEnemy">
				<feature name="WeakestSelectEnemy"/>
				<feature name="StrongestSelectEnemy"/>
				<feature name="ClosestSelectEnemy"/>
			</alt>
			<alt abstract="true" mandatory="true" name="Gun">
				<feature name="MaximumPowerGun"/>
				<feature name="NoFireGun"/>
				<feature name="MouseClickGun"/>
			</alt>
		</and>
	</struct>
</featureModel>
